"","algal_group12","algal_group07","phylum12","phylum07","class12","order12","order07","family12","family07","genus","sp12","sp07"
"1","Blue-green algae","Blue-Green Algae","Cyanophyta","Cyanophyta","Cyanophyceae","Chroococcales","Chroococcales","Chroococcaceae","Merismopediaceae","Aphanocapsa","Aphanocapsa; Aphanocapsa conferta; Aphanocapsa delicatissima; Aphanocapsa elachista; Aphanocapsa holsatica; Aphanocapsa incerta; Aphanocapsa parasitica; Aphanocapsa planctonica","Aphanocapsa; Aphanocapsa delicatissima; Aphanocapsa elachista planctonica; Aphanocapsa grevilei; Aphanocapsa holsatica"
"2","Blue-green algae","Blue-Green Algae","Cyanophyta","Cyanophyta","Cyanophyceae","Chroococcales","Chroococcales","Chroococcaceae","Synechococcaceae","Aphanothece","Aphanothece; Aphanothece clathrata; Aphanothece endophytica; Aphanothece smithii","Aphanothece; Aphanothece clathrata"
"3","Blue-green algae",NA,"Cyanophyta",NA,"Cyanophyceae","Chroococcales",NA,"Chroococcaceae",NA,"Asterocapsa","Asterocapsa",NA
"4","Blue-green algae",NA,"Cyanophyta",NA,"Cyanophyceae","Chroococcales",NA,"Chroococcaceae",NA,"Chondrocystis","Chondrocystis",NA
"5","Blue-green algae","Blue-Green Algae","Cyanophyta","Cyanophyta","Cyanophyceae","Chroococcales","Chroococcales","Chroococcaceae","Chroococcaceae","Chroococcus","Chroococcus; Chroococcus aphanocapsoides; Chroococcus dispersus; Chroococcus distans; Chroococcus globosus; Chroococcus limneticus; Chroococcus microscopicus; Chroococcus minimus; Chroococcus minor; Chroococcus minutus; Chroococcus planctonicus; Chroococcus prescottii; Chroococcus turgidus","Chroococcus; Chroococcus dispersus; Chroococcus limneticus; Chroococcus limneticus distans; Chroococcus limneticus subsalsus; Chroococcus microscopicus; Chroococcus minimus; Chroococcus minor; Chroococcus minutus"
"6","Blue-green algae","Blue-Green Algae","Cyanophyta","Cyanophyta","Cyanophyceae","Chroococcales","Chroococcales","Chroococcaceae","Merismopediaceae","Coelosphaerium","Coelosphaerium; Coelosphaerium kuetzingianum; Coelosphaerium microporum; Coelosphaerium naegelianum","Coelosphaerium; Coelosphaerium kuetzingianum; Coelosphaerium naegelianum"
"7","Blue-green algae",NA,"Cyanophyta",NA,"Cyanophyceae","Chroococcales",NA,"Chroococcaceae",NA,"Cyanokybus","Cyanokybus",NA
"8","Blue-green algae","Blue-Green Algae","Cyanophyta","Cyanophyta","Cyanophyceae","Chroococcales","Chroococcales","Chroococcaceae","Chroococcaceae","Cyanosarcina","Cyanosarcina","Cyanosarcina"
"9","Blue-green algae","Blue-Green Algae","Cyanophyta","Cyanophyta","Cyanophyceae","Chroococcales","Chroococcales","Chroococcaceae","Synechococcaceae","Dactylococcopsis","Dactylococcopsis; Dactylococcopsis fascicularis","Dactylococcopsis; Dactylococcopsis acicularis; Dactylococcopsis fascicularis"
"10","Blue-green algae",NA,"Cyanophyta",NA,"Cyanophyceae","Chroococcales",NA,"Chroococcaceae",NA,"Gloeocapsopsis","Gloeocapsopsis",NA
"11","Blue-green algae",NA,"Cyanophyta",NA,"Cyanophyceae","Chroococcales",NA,"Entophysalidaceae",NA,"Chlorogloea","Chlorogloea",NA
"12","Blue-green algae",NA,"Cyanophyta",NA,"Cyanophyceae","Chroococcales",NA,"Entophysalidaceae",NA,"Radiocystis","Radiocystis; Radiocystis geminata",NA
"13","Blue-green algae","Blue-Green Algae","Cyanophyta","Cyanophyta","Cyanophyceae","Chroococcales","Chroococcales","Merismopediaceae","Merismopediaceae","Gomphosphaeria","Gomphosphaeria; Gomphosphaeria aponina; Gomphosphaeria lacustris; Gomphosphaeria natans","Gomphosphaeria; Gomphosphaeria aponina; Gomphosphaeria virieuxii"
"14","Blue-green algae","Blue-Green Algae","Cyanophyta","Cyanophyta","Cyanophyceae","Chroococcales","Chroococcales","Merismopediaceae","Merismopediaceae","Merismopedia","Merismopedia; Merismopedia danubiana; Merismopedia duplex; Merismopedia elegans; Merismopedia glauca; Merismopedia minima; Merismopedia punctata; Merismopedia tenuissima; Merismopedia trolleri; Merismopedia warmingiana","Merismopedia; Merismopedia glauca; Merismopedia punctata; Merismopedia tenuissima"
"15","Blue-green algae","Blue-Green Algae","Cyanophyta","Cyanophyta","Cyanophyceae","Chroococcales","Chroococcales","Merismopediaceae","Merismopediaceae","Snowella","Snowella; Snowella fennica; Snowella lacustris; Snowella littoralis","Snowella; Snowella atomus; Snowella lacustris"
"16","Blue-green algae","Blue-Green Algae","Cyanophyta","Cyanophyta","Cyanophyceae","Chroococcales","Chroococcales","Merismopediaceae","Merismopediaceae","Synechocystis","Synechocystis; Synechocystis aquaticus; Synechocystis aquatilis; Synechocystis endobiotica","Synechocystis"
"17","Blue-green algae","Blue-Green Algae","Cyanophyta","Cyanophyta","Cyanophyceae","Chroococcales","Chroococcales","Merismopediaceae","Merismopediaceae","Woronichinia","Woronichinia; Woronichinia karelica; Woronichinia naegeliana","Woronichinia"
"18","Blue-green algae","Blue-Green Algae","Cyanophyta","Cyanophyta","Cyanophyceae","Chroococcales","Chroococcales","Microcystaceae","Microcystaceae","Gloeocapsa","Gloeocapsa","Gloeocapsa"
"19","Blue-green algae","Blue-Green Algae","Cyanophyta","Cyanophyta","Cyanophyceae","Chroococcales","Chroococcales","Microcystaceae","Microcystaceae","Microcystis","Microcystis; Microcystis aeruginosa; Microcystis botrys; Microcystis flos-aquae; Microcystis natans; Microcystis smithii; Microcystis viridis; Microcystis wesenbergii","Microcystis; Microcystis aeruginosa; Microcystis firma; Microcystis flosaquae; Microcystis ichthyoblabe; Microcystis smithii; Microcystis wesenbergii"
"20","Blue-green algae",NA,"Cyanophyta",NA,"Cyanophyceae","Chroococcales",NA,"Synechococcaceae",NA,"Cyanothece","Cyanothece",NA
"21","Blue-green algae","Blue-Green Algae","Cyanophyta","Cyanophyta","Cyanophyceae","Chroococcales","Chroococcales","Synechococcaceae","Synechococcaceae","Gloeothece","Gloeothece; Gloeothece subtilis","Gloeothece"
"22","Blue-green algae","Blue-Green Algae","Cyanophyta","Cyanophyta","Cyanophyceae","Chroococcales","Chroococcales","Synechococcaceae","Synechococcaceae","Rhabdoderma","Rhabdoderma; Rhabdoderma lineare","Rhabdoderma; Rhabdoderma lineare"
"23","Blue-green algae",NA,"Cyanophyta",NA,"Cyanophyceae","Chroococcales",NA,"Synechococcaceae",NA,"Rhabdogloea","Rhabdogloea; Rhabdogloea linearis; Rhabdogloea smithii",NA
"24","Blue-green algae","Blue-Green Algae","Cyanophyta","Cyanophyta","Cyanophyceae","Chroococcales","Chroococcales","Synechococcaceae","Synechococcaceae","Synechococcus","Synechococcus; Synechococcus nidulans","Synechococcus; Synechococcus linearis; Synechococcus minutus"
"25","Blue-green algae",NA,"Cyanophyta",NA,"Cyanophyceae","Nostocales",NA,"Microchaetaceae",NA,"Tolypothrix","Tolypothrix; Tolypothrix tenuis",NA
"26","Blue-green algae","Blue-Green Algae","Cyanophyta","Cyanophyta","Cyanophyceae","Nostocales","Nostocales","Nostocaceae","Nostocaceae","Anabaena","Anabaena; Anabaena aequalis; Anabaena affinis; Anabaena angstumalis; Anabaena carmichaelii; Anabaena circinalis; Anabaena compacta; Anabaena crassa; Anabaena cylindrica; Anabaena flos-aquae; Anabaena inaequalis; Anabaena lemmermannii; Anabaena limnetica; Anabaena longicellularis; Anabaena planctonica; Anabaena pseudocompacta; Anabaena sigmoidea; Anabaena smithii; Anabaena solitaria; Anabaena spiroides; Anabaena subcylindrica; Anabaena torulosa; Anabaena variabilis; Anabaena wisconsinensis","Anabaena; Anabaena affinis; Anabaena circinalis; Anabaena circinalis macrospora; Anabaena flosaquae; Anabaena smithii; Anabaena spiroides crassa; Anabaena subcylindrica; Anabaena viguieri; Anabaena wisconsinense"
"27","Blue-green algae","Blue-Green Algae","Cyanophyta","Cyanophyta","Cyanophyceae","Nostocales","Nostocales","Nostocaceae","Nostocaceae","Anabaenopsis","Anabaenopsis; Anabaenopsis circularis; Anabaenopsis elenkenii; Anabaenopsis tanganyikae","Anabaenopsis; Anabaenopsis elenkinii"
"28","Blue-green algae","Blue-Green Algae","Cyanophyta","Cyanophyta","Cyanophyceae","Nostocales","Nostocales","Nostocaceae","Nostocaceae","Aphanizomenon","Aphanizomenon; Aphanizomenon aphanizomenoides; Aphanizomenon capricorni; Aphanizomenon flos-aquae; Aphanizomenon gracile; Aphanizomenon issatschenkoi; Aphanizomenon yezoense","Aphanizomenon; Aphanizomenon aphanizomenoides; Aphanizomenon flosaquae"
"29","Blue-green algae","Blue-Green Algae","Cyanophyta","Cyanophyta","Cyanophyceae","Nostocales","Nostocales","Nostocaceae","Nostocaceae","Cylindrospermopsis","Cylindrospermopsis; Cylindrospermopsis phillipinensis; Cylindrospermopsis raciborskii","Cylindrospermopsis"
"30","Blue-green algae","Blue-Green Algae","Cyanophyta","Cyanophyta","Cyanophyceae","Nostocales","Nostocales","Nostocaceae","Nostocaceae","Cylindrospermum","Cylindrospermum","Cylindrospermum"
"31","Blue-green algae",NA,"Cyanophyta",NA,"Cyanophyceae","Nostocales",NA,"Nostocaceae",NA,"Dolichospermum","Dolichospermum; Dolichospermum circinale; Dolichospermum flos-aquae",NA
"32","Blue-green algae","Blue-Green Algae","Cyanophyta","Cyanophyta","Cyanophyceae","Nostocales","Nostocales","Nostocaceae","Nostocaceae","Nodularia","Nodularia","Nodularia"
"33","Blue-green algae","Blue-Green Algae","Cyanophyta","Cyanophyta","Cyanophyceae","Nostocales","Nostocales","Nostocaceae","Nostocaceae","Raphidiopsis","Raphidiopsis; Raphidiopsis curvata; Raphidiopsis mediterranea","Raphidiopsis"
"34","Blue-green algae","Blue-Green Algae","Cyanophyta","Cyanophyta","Cyanophyceae","Nostocales","Oscillatoriales","Oscillatoriaceae","Phormidiaceae","Arthrospira","Arthrospira","Arthrospira"
"35","Blue-green algae","Blue-Green Algae","Cyanophyta","Cyanophyta","Cyanophyceae","Nostocales","Nostocales","Rivulariaceae","Rivulariaceae","Calothrix","Calothrix; Calothrix aeruginea","Calothrix"
"36","Blue-green algae","Blue-Green Algae","Cyanophyta","Cyanophyta","Cyanophyceae","Nostocales","Nostocales","Rivulariaceae","Rivulariaceae","Gloeotrichia","Gloeotrichia; Gloeotrichia echinulata; Gloeotrichia natans","Gloeotrichia"
"37","Blue-green algae",NA,"Cyanophyta",NA,"Cyanophyceae","Nostocales",NA,"Rivulariaceae",NA,"Rivularia","Rivularia",NA
"38","Blue-green algae",NA,"Cyanophyta",NA,"Cyanophyceae","Oscillatoriales",NA,"Borziaceae",NA,"Komvophoron","Komvophoron; Komvophoron breve; Komvophoron constrictum; Komvophoron skujae",NA
"39","Blue-green algae","Blue-Green Algae","Cyanophyta","Cyanophyta","Cyanophyceae","Oscillatoriales","Oscillatoriales","Oscillatoriaceae","Oscillatoriaceae","Lyngbya","Lyngbya; Lyngbya hieronymusii; Lyngbya limnetica","Lyngbya; Lyngbya contorta; Lyngbya limnetica; Lyngbya majuscula"
"40","Blue-green algae","Blue-Green Algae","Cyanophyta","Cyanophyta","Cyanophyceae","Oscillatoriales","Oscillatoriales","Oscillatoriaceae","Oscillatoriaceae","Oscillatoria","Oscillatoria; Oscillatoria limosa; Oscillatoria ornata; Oscillatoria princeps; Oscillatoria simplicissima; Oscillatoria subbrevis; Oscillatoria tenuis","Oscillatoria; Oscillatoria contorta; Oscillatoria limosa; Oscillatoria sancta; Oscillatoria tenuis; Oscillatoria utermoelaii"
"41","Blue-green algae","Blue-Green Algae","Cyanophyta","Cyanophyta","Cyanophyceae","Oscillatoriales","Oscillatoriales","Phormidiaceae","Phormidiaceae","Phormidium","Phormidium","Phormidium; Phormidium granulatum; Phormidium minnesothense; Phormidium tenue"
"42","Blue-green algae","Blue-Green Algae","Cyanophyta","Cyanophyta","Cyanophyceae","Oscillatoriales","Oscillatoriales","Phormidiaceae","Phormidiaceae","Planktothrix","Planktothrix; Planktothrix agardhii; Planktothrix compressa; Planktothrix isothrix; Planktothrix suspensa","Planktothrix; Planktothrix agardhii"
"43","Blue-green algae","Blue-Green Algae","Cyanophyta","Cyanophyta","Cyanophyceae","Oscillatoriales","Oscillatoriales","Phormidiaceae","Phormidiaceae","Trichodesmium","Trichodesmium lacustre","Trichodesmium"
"44","Blue-green algae",NA,"Cyanophyta",NA,"Cyanophyceae","Oscillatoriales",NA,"Phormidiaceae",NA,"Tychonema","Tychonema; Tychonema bourrellyi",NA
"45","Blue-green algae","Blue-Green Algae","Cyanophyta","Cyanophyta","Cyanophyceae","Oscillatoriales","Oscillatoriales","Pseudanabaenaceae","Pseudanabaenaceae","Geitlerinema","Geitlerinema","Geitlerinema"
"46","Blue-green algae","Blue-Green Algae","Cyanophyta","Cyanophyta","Cyanophyceae","Oscillatoriales","Oscillatoriales","Pseudanabaenaceae","Pseudanabaenaceae","Glaucospira","Glaucospira","Glaucospira"
"47","Blue-green algae","Blue-Green Algae","Cyanophyta","Cyanophyta","Cyanophyceae","Oscillatoriales","Oscillatoriales","Pseudanabaenaceae","Homoeotrichaceae","Heteroleibleinia","Heteroleibleinia","Heteroleibleinia"
"48","Blue-green algae","Blue-Green Algae","Cyanophyta","Cyanophyta","Cyanophyceae","Oscillatoriales","Oscillatoriales","Pseudanabaenaceae","Pseudanabaenaceae","Jaaginema","Jaaginema; Jaaginema metaphyticum","Jaaginema"
"49","Blue-green algae","Blue-Green Algae","Cyanophyta","Cyanophyta","Cyanophyceae","Oscillatoriales","Oscillatoriales","Pseudanabaenaceae","Pseudanabaenaceae","Leptolyngbya","Leptolyngbya; Leptolyngbya angustissima; Leptolyngbya boryanum; Leptolyngbya subtilis; Leptolyngbya tenuis","Leptolyngbya; Leptolyngbya cartilaginea"
"50","Blue-green algae","Blue-Green Algae","Cyanophyta","Cyanophyta","Cyanophyceae","Oscillatoriales","Oscillatoriales","Pseudanabaenaceae","Pseudanabaenaceae","Limnothrix","Limnothrix; Limnothrix redekei","Limnothrix"
"51","Blue-green algae","Blue-Green Algae","Cyanophyta","Cyanophyta","Cyanophyceae","Oscillatoriales","Oscillatoriales","Pseudanabaenaceae","Pseudanabaenaceae","Planktolyngbya","Planktolyngbya; Planktolyngbya capillaris; Planktolyngbya circumcreta; Planktolyngbya contorta; Planktolyngbya limnetica; Planktolyngbya microspira; Planktolyngbya regularis; Planktolyngbya tallingii","Planktolyngbya; Planktolyngbya contorta; Planktolyngbya limnetica"
"52","Blue-green algae","Blue-Green Algae","Cyanophyta","Cyanophyta","Cyanophyceae","Oscillatoriales","Oscillatoriales","Pseudanabaenaceae","Pseudanabaenaceae","Pseudanabaena","Pseudanabaena; Pseudanabaena catenata; Pseudanabaena galeata; Pseudanabaena limnetica; Pseudanabaena raphidioides; Pseudanabaena recta; Pseudanabaena voronichinii","Pseudanabaena; Pseudanabaena moniliformis"
"53","Blue-green algae","Blue-Green Algae","Cyanophyta","Cyanophyta","Cyanophyceae","Oscillatoriales","Oscillatoriales","Pseudanabaenaceae","Pseudanabaenaceae","Romeria","Romeria; Romeria leopoliensis; Romeria simplex","Romeria"
"54","Blue-green algae","Blue-Green Algae","Cyanophyta","Cyanophyta","Cyanophyceae","Oscillatoriales","Oscillatoriales","Pseudanabaenaceae","Pseudanabaenaceae","Spirulina","Spirulina; Spirulina major; Spirulina minima; Spirulina subsalsa","Spirulina; Spirulina laxa"
"55","Blue-green algae","Blue-Green Algae","Cyanophyta","Cyanophyta","Cyanophyceae","Synechococcales","Chroococcales","Merismopediaceae","Chroococcaceae","Eucapsis","Eucapsis","Eucapsis"
"56","Blue-green algae",NA,"Cyanophyta",NA,"Cyanophyceae","Synechococcales",NA,"Synechococcaceae",NA,"Cyanodictyon","Cyanodictyon filiforme",NA
"57","Blue-green algae",NA,"Cyanophyta",NA,"Cyanophyceae","Synechococcales",NA,"Synechococcaceae",NA,"Lemmermaniella","Lemmermaniella",NA
"58","Blue-green algae",NA,"Cyanophyta",NA,"Cyanophyceae","Synechococcales",NA,"Synechococcophycidae",NA,"Cyanogranis","Cyanogranis",NA
"59","Cryptophytes","Cryptomonads","Cryptophyta","Cryptophyta","Cryptophyceae","Cryptomonadales","Cryptomonadales","Cryptomonadaceae","Cryptomonadaceae","Chroomonas","Chroomonas; Chroomonas acuta; Chroomonas nordstedtii; Chroomonas rosenbergii","Chroomonas; Chroomonas acuta"
"60","Cryptophytes","Cryptomonads","Cryptophyta","Cryptophyta","Cryptophyceae","Cryptomonadales","Cryptomonadales","Cryptomonadaceae","Cryptomonadaceae","Cryptomonas","Cryptomonas; Cryptomonas anomala; Cryptomonas curvata; Cryptomonas erosa; Cryptomonas marssonii; Cryptomonas ovata; Cryptomonas platyuris; Cryptomonas richei","Cryptomonas; Cryptomonas caudata"
"61","Cryptophytes","Cryptomonads","Cryptophyta","Cryptophyta","Cryptophyceae","Cryptomonadales","Cryptomonadales","Cryptomonadaceae","Cryptomonadaceae","Komma","Komma caudata","Komma; Komma caudata"
"62","Cryptophytes",NA,"Cryptophyta",NA,"Cryptophyceae","Cryptomonadales",NA,"Cryptomonadaceae",NA,"Plagioselmis","Plagioselmis nannoplanctica",NA
"63","Cryptophytes",NA,"Cryptophyta",NA,"Cryptophyceae","Cryptomonadales",NA,"Cryptomonadaceae",NA,"Rhodomonas","Rhodomonas; Rhodomonas lacustris",NA
"64","Diatom","Diatoms","Chrysophyta","Chrysophyta (Bacillariophyceae)","Bacillariophyceae","Centrales","Centrales","Aulacoseiraceae","Aulacoseiraceae","Aulacoseira","Aulacoseira; Aulacoseira alpigena; Aulacoseira ambigua; Aulacoseira granulata; Aulacoseira islandica; Aulacoseira italica; Aulacoseira subarctica","Aulacoseira; Aulacoseira distans; Aulacoseira granulata; Aulacoseira italica"
"65","Diatom",NA,"Chrysophyta",NA,"Bacillariophyceae","Centrales",NA,"Chaetocerotacaea",NA,"Chaetoceros","Chaetoceros",NA
"66","Diatom",NA,"Chrysophyta",NA,"Bacillariophyceae","Centrales",NA,"Hemidiscaceae",NA,"Actinocyclus","Actinocyclus",NA
"67","Diatom","Diatoms","Chrysophyta","Chrysophyta (Bacillariophyceae)","Bacillariophyceae","Centrales","Centrales","Melosiraceae","Melosiraceae","Melosira","Melosira; Melosira varians","Melosira"
"68","Diatom",NA,"Chrysophyta",NA,"Bacillariophyceae","Centrales",NA,"Rhizosoleniaceae",NA,"Rhizosolenia","Rhizosolenia",NA
"69","Diatom","Diatoms","Chrysophyta","Chrysophyta (Bacillariophyceae)","Bacillariophyceae","Centrales","Centrales","Stephanodiscaceae","Stephanodiscaceae","Cyclotella","Cyclotella; Cyclotella bodanica; Cyclotella meneghiniana; Cyclotella ocellata; Cyclotella stelligera","Cyclotella; Cyclotella bodanica"
"70","Diatom","Diatoms","Chrysophyta","Chrysophyta (Bacillariophyceae)","Bacillariophyceae","Centrales","Centrales","Stephanodiscaceae","Thalassiosiraceae","Puncticulata","Puncticulata bodanica","Puncticulata; Puncticulata comta"
"71","Diatom","Diatoms","Chrysophyta","Chrysophyta (Bacillariophyceae)","Bacillariophyceae","Centrales","Centrales","Stephanodiscaceae","Stephanodiscaceae","Stephanodiscus","Stephanodiscus; Stephanodiscus binderanus; Stephanodiscus niagarae","Stephanodiscus"
"72","Diatom",NA,"Chrysophyta",NA,"Bacillariophyceae","Pennales",NA,"Achnanthaceae",NA,"Achnanthes","Achnanthes",NA
"73","Diatom","Diatoms","Chrysophyta","Chrysophyta (Bacillariophyceae)","Bacillariophyceae","Pennales","Pennales","Achnanthaceae","Achnanthaceae","Cocconeis","Cocconeis; Cocconeis pediculus; Cocconeis placentula","Cocconeis; Cocconeis placentula lineata"
"74","Diatom",NA,"Chrysophyta",NA,"Bacillariophyceae","Pennales",NA,"Achnanthaceae",NA,"Planothidium","Planothidium; Planothidium lanceolatum",NA
"75","Diatom","Diatoms","Chrysophyta","Chrysophyta (Bacillariophyceae)","Bacillariophyceae","Pennales","Pennales","Achnanthaceae","Achnanthaceae","Psammothidium","Psammothidium; Psammothidium curtissimum","Psammothidium"
"76","Diatom","Diatoms","Chrysophyta","Chrysophyta (Bacillariophyceae)","Bacillariophyceae","Pennales","Pennales","Achnanthidiaceae","Achnanthidiaceae","Achnanthidium","Achnanthidium; Achnanthidium catenatum; Achnanthidium duthiei; Achnanthidium exiguum; Achnanthidium exilis; Achnanthidium gracillimum; Achnanthidium hungaricum; Achnanthidium minutissimum; Achnanthidium rivulare","Achnanthidium"
"77","Diatom","Diatoms","Chrysophyta","Chrysophyta (Bacillariophyceae)","Bacillariophyceae","Pennales","Pennales","Achnanthidiaceae","Achnanthidiaceae","Eucocconeis","Eucocconeis; Eucocconeis flexella","Eucocconeis"
"78","Diatom","Diatoms","Chrysophyta","Chrysophyta (Bacillariophyceae)","Bacillariophyceae","Pennales","Pennales","Amphipleuraceae","Amphipleuraceae","Amphipleura","Amphipleura; Amphipleura pellucida","Amphipleura"
"79","Diatom","Diatoms","Chrysophyta","Chrysophyta (Bacillariophyceae)","Bacillariophyceae","Pennales","Pennales","Amphipleuraceae","Amphipleuraceae","Frustulia","Frustulia; Frustulia rhomboides; Frustulia vulgaris","Frustulia"
"80","Diatom",NA,"Chrysophyta",NA,"Bacillariophyceae","Pennales",NA,"Anomoeoneidaceae",NA,"Anomoeoneis","Anomoeoneis",NA
"81","Diatom",NA,"Chrysophyta",NA,"Bacillariophyceae","Pennales",NA,"Bacillariaceae",NA,"Bacillaria","Bacillaria paradoxa; Bacillaria paxillifer",NA
"82","Diatom","Diatoms","Chrysophyta","Chrysophyta (Bacillariophyceae)","Bacillariophyceae","Pennales","Pennales","Bacillariaceae","Bacillariaceae","Cylindrotheca","Cylindrotheca; Cylindrotheca closterium; Cylindrotheca gracilis","Cylindrotheca"
"83","Diatom","Diatoms","Chrysophyta","Chrysophyta (Bacillariophyceae)","Bacillariophyceae","Pennales","Pennales","Bacillariaceae","Bacillariaceae","Denticula","Denticula","Denticula"
"84","Diatom",NA,"Chrysophyta",NA,"Bacillariophyceae","Pennales",NA,"Bacillariaceae",NA,"Hantzschia","Hantzschia",NA
"85","Diatom","Diatoms","Chrysophyta","Chrysophyta (Bacillariophyceae)","Bacillariophyceae","Pennales","Pennales","Bacillariaceae","Bacillariaceae","Nitzschia","Nitzschia; Nitzschia acicularis; Nitzschia ambigua; Nitzschia amphibia; Nitzschia closterium; Nitzschia fruticosa; Nitzschia gracilis; Nitzschia inconspicua; Nitzschia laevis; Nitzschia linearis; Nitzschia microcephala; Nitzschia palea; Nitzschia reversa; Nitzschia sigmoidea; Nitzschia sinuata; Nitzschia subacicularis","Nitzschia"
"86","Diatom","Diatoms","Chrysophyta","Chrysophyta (Bacillariophyceae)","Bacillariophyceae","Pennales","Pennales","Bacillariaceae","Bacillariaceae","Tryblionella","Tryblionella","Tryblionella"
"87","Diatom","Diatoms","Chrysophyta","Chrysophyta (Bacillariophyceae)","Bacillariophyceae","Pennales","Pennales","Brachysiraceae","Brachysiraceae","Brachysira","Brachysira; Brachysira neoexilis","Brachysira"
"88","Diatom","Diatoms","Chrysophyta","Chrysophyta (Bacillariophyceae)","Bacillariophyceae","Pennales","Pennales","Catenulaceae","Catenulaceae","Amphora","Amphora; Amphora delicatissima; Amphora libyca; Amphora pediculus; Amphora pellucida","Amphora"
"89","Diatom","Diatoms","Chrysophyta","Chrysophyta (Bacillariophyceae)","Bacillariophyceae","Pennales","Pennales","Cymbellaceae","Cymbellaceae","Cymbella","Cymbella; Cymbella lanceolata; Cymbella leptoceros; Cymbella microcephala; Cymbella turgidula","Cymbella"
"90","Diatom",NA,"Chrysophyta",NA,"Bacillariophyceae","Pennales",NA,"Diadesmidaceae",NA,"Diadesmis","Diadesmis contenta; Diadesmis perpusilla",NA
"91","Diatom",NA,"Chrysophyta",NA,"Bacillariophyceae","Pennales",NA,"Diatomaceae",NA,"Ctenophora","Ctenophora pulchella",NA
"92","Diatom","Diatoms","Chrysophyta","Chrysophyta (Bacillariophyceae)","Bacillariophyceae","Pennales","Pennales","Diatomaceae","Fragilariaceae","Diatoma","Diatoma; Diatoma mesodon; Diatoma moniliformis; Diatoma tenue; Diatoma vulgare","Diatoma; Diatoma elongatum"
"93","Diatom","Diatoms","Chrysophyta","Chrysophyta (Bacillariophyceae)","Bacillariophyceae","Pennales","Pennales","Eunotiaceae","Eunotiaceae","Eunotia","Eunotia; Eunotia bilunaris; Eunotia formica; Eunotia pectinalis","Eunotia"
"94","Diatom","Diatoms","Chrysophyta","Chrysophyta (Bacillariophyceae)","Bacillariophyceae","Pennales","Pennales","Fragilariaceae","Fragilariaceae","Fragilaria","Fragilaria; Fragilaria capucina; Fragilaria construens; Fragilaria crotonensis; Fragilaria goulardii; Fragilaria mesolepta; Fragilaria vaucheriae","Fragilaria; Fragilaria capucina; Fragilaria crotonensis; Fragilaria cyclopum"
"95","Diatom",NA,"Chrysophyta",NA,"Bacillariophyceae","Pennales",NA,"Fragilariaceae",NA,"Fragilariforma","Fragilariforma",NA
"96","Diatom","Diatoms","Chrysophyta","Chrysophyta (Bacillariophyceae)","Bacillariophyceae","Pennales","Pennales","Fragilariaceae","Fragilariaceae","Meridion","Meridion; Meridion anceps; Meridion circulare","Meridion"
"97","Diatom","Diatoms","Chrysophyta","Chrysophyta (Bacillariophyceae)","Bacillariophyceae","Pennales","Pennales","Fragilariaceae","Fragilariaceae","Pseudostaurosira","Pseudostaurosira; Pseudostaurosira brevistriata; Pseudostaurosira parasitica","Pseudostaurosira"
"98","Diatom","Diatoms","Chrysophyta","Chrysophyta (Bacillariophyceae)","Bacillariophyceae","Pennales","Pennales","Fragilariaceae","Fragilariaceae","Staurosira","Staurosira; Staurosira construens","Staurosira; Staurosira construens"
"99","Diatom","Diatoms","Chrysophyta","Chrysophyta (Bacillariophyceae)","Bacillariophyceae","Pennales","Pennales","Fragilariaceae","Fragilariaceae","Staurosirella","Staurosirella","Staurosirella"
"100","Diatom","Diatoms","Chrysophyta","Chrysophyta (Bacillariophyceae)","Bacillariophyceae","Pennales","Pennales","Fragilariaceae","Fragilariaceae","Synedra","Synedra; Synedra capitata; Synedra cyclopum; Synedra delicatissima; Synedra tenera; Synedra ulna","Synedra; Synedra acus; Synedra delicatissima; Synedra ulna"
"101","Diatom",NA,"Chrysophyta",NA,"Bacillariophyceae","Pennales",NA,"Gomphonenataceae",NA,"Gomphoneis","Gomphoneis",NA
"102","Diatom","Diatoms","Chrysophyta","Chrysophyta (Bacillariophyceae)","Bacillariophyceae","Pennales","Pennales","Gomphonenataceae","Gomphonemataceae","Gomphonema","Gomphonema; Gomphonema acuminatum; Gomphonema angustum; Gomphonema apicatum; Gomphonema augur; Gomphonema clavatum; Gomphonema coronatum; Gomphonema gracile; Gomphonema minutum; Gomphonema parvulum; Gomphonema truncatum","Gomphonema"
"103","Diatom",NA,"Chrysophyta",NA,"Bacillariophyceae","Pennales",NA,"Gomphonenataceae",NA,"Gomphosphenia","Gomphosphenia",NA
"104","Diatom",NA,"Chrysophyta",NA,"Bacillariophyceae","Pennales",NA,"Mastogloiaceae",NA,"Aneumastus","Aneumastus",NA
"105","Diatom","Diatoms","Chrysophyta","Chrysophyta (Bacillariophyceae)","Bacillariophyceae","Pennales","Pennales","Mastogloiaceae","Mastogloiaceae","Mastogloia","Mastogloia; Mastogloia smithii","Mastogloia"
"106","Diatom",NA,"Chrysophyta",NA,"Bacillariophyceae","Pennales",NA,"Naviculaceae",NA,"Amphiprora","Amphiprora",NA
"107","Diatom","Diatoms","Chrysophyta","Chrysophyta (Bacillariophyceae)","Bacillariophyceae","Pennales","Pennales","Naviculaceae","Diploneidaceae","Diploneis","Diploneis; Diploneis elliptica","Diploneis"
"108","Diatom","Diatoms","Chrysophyta","Chrysophyta (Bacillariophyceae)","Bacillariophyceae","Pennales","Pennales","Naviculaceae","Cymbellaceae","Encyonema","Encyonema; Encyonema minutum; Encyonema silesiacum","Encyonema; Encyonema minutum"
"109","Diatom","Diatoms","Chrysophyta","Chrysophyta (Bacillariophyceae)","Bacillariophyceae","Pennales","Pennales","Naviculaceae","Not Designated","Encyonopsis","Encyonopsis; Encyonopsis microcephala","Encyonopsis"
"110","Diatom","Diatoms","Chrysophyta","Chrysophyta (Bacillariophyceae)","Bacillariophyceae","Pennales","Pennales","Naviculaceae","Entomoneidaceae","Entomoneis","Entomoneis; Entomoneis ornata","Entomoneis"
"111","Diatom","Diatoms","Chrysophyta","Chrysophyta (Bacillariophyceae)","Bacillariophyceae","Pennales","Pennales","Naviculaceae","Naviculaceae","Geissleria","Geissleria; Geissleria decussis","Geissleria"
"112","Diatom","Diatoms","Chrysophyta","Chrysophyta (Bacillariophyceae)","Bacillariophyceae","Pennales","Pennales","Naviculaceae","Naviculaceae","Hippodonta","Hippodonta","Hippodonta"
"113","Diatom","Diatoms","Chrysophyta","Chrysophyta (Bacillariophyceae)","Bacillariophyceae","Pennales","Pennales","Naviculaceae","Naviculaceae","Navicula","Navicula; Navicula cryptotenella; Navicula gregaria; Navicula phyllepta; Navicula radiosa; Navicula trivialis","Navicula"
"114","Diatom","Diatoms","Chrysophyta","Chrysophyta (Bacillariophyceae)","Bacillariophyceae","Pennales","Pennales","Neidiaceae","Neidiaceae","Neidium","Neidium","Neidium"
"115","Diatom",NA,"Chrysophyta",NA,"Bacillariophyceae","Pennales",NA,"Peroniaceae",NA,"Peronia","Peronia fibula",NA
"116","Diatom","Diatoms","Chrysophyta","Chrysophyta (Bacillariophyceae)","Bacillariophyceae","Pennales","Pennales","Pinnulariaceae","Pinnulariaceae","Caloneis","Caloneis; Caloneis limosa","Caloneis"
"117","Diatom","Diatoms","Chrysophyta","Chrysophyta (Bacillariophyceae)","Bacillariophyceae","Pennales","Pennales","Pinnulariaceae","Pinnulariaceae","Pinnularia","Pinnularia; Pinnularia borealis","Pinnularia"
"118","Diatom",NA,"Chrysophyta",NA,"Bacillariophyceae","Pennales",NA,"Plagiotropidaceae",NA,"Plagiotropis","Plagiotropis",NA
"119","Diatom","Diatoms","Chrysophyta","Chrysophyta (Bacillariophyceae)","Bacillariophyceae","Pennales","Pennales","Pleurosigmataceae","Pleurosigmataceae","Gyrosigma","Gyrosigma","Gyrosigma"
"120","Diatom","Diatoms","Chrysophyta","Chrysophyta (Bacillariophyceae)","Bacillariophyceae","Pennales","Pennales","Pleurosigmataceae","Pleurosigmataceae","Pleurosigma","Pleurosigma","Pleurosigma"
"121","Diatom","Diatoms","Chrysophyta","Chrysophyta (Bacillariophyceae)","Bacillariophyceae","Pennales","Pennales","Rhoicospheniaceae","Rhoicospheniaceae","Rhoicosphenia","Rhoicosphenia; Rhoicosphenia abbreviata; Rhoicosphenia curvata","Rhoicosphenia"
"122","Diatom","Diatoms","Chrysophyta","Chrysophyta (Bacillariophyceae)","Bacillariophyceae","Pennales","Pennales","Rhopalodiaceae","Rhopalodiaceae","Epithemia","Epithemia; Epithemia adnata; Epithemia sorex; Epithemia turgida","Epithemia; Epithemia adnata; Epithemia sorex"
"123","Diatom","Diatoms","Chrysophyta","Chrysophyta (Bacillariophyceae)","Bacillariophyceae","Pennales","Pennales","Rhopalodiaceae","Rhopalodiaceae","Rhopalodia","Rhopalodia; Rhopalodia gibba","Rhopalodia; Rhopalodia gibba"
"124","Diatom","Diatoms","Chrysophyta","Chrysophyta (Bacillariophyceae)","Bacillariophyceae","Pennales","Pennales","Sellaphoraceae","Sellaphoraceae","Sellaphora","Sellaphora; Sellaphora laevissima; Sellaphora pupula","Sellaphora"
"125","Diatom","Diatoms","Chrysophyta","Chrysophyta (Bacillariophyceae)","Bacillariophyceae","Pennales","Pennales","Stauroneidaceae","Stauroneidaceae","Craticula","Craticula; Craticula ambigua","Craticula"
"126","Diatom","Diatoms","Chrysophyta","Chrysophyta (Bacillariophyceae)","Bacillariophyceae","Pennales","Pennales","Stauroneidaceae","Stauroneidaceae","Stauroneis","Stauroneis; Stauroneis phoenicenteron","Stauroneis"
"127","Diatom","Diatoms","Chrysophyta","Chrysophyta (Bacillariophyceae)","Bacillariophyceae","Pennales","Pennales","Surirellaceae","Surirellaceae","Campylodiscus","Campylodiscus; Campylodiscus clypeus","Campylodiscus"
"128","Diatom","Diatoms","Chrysophyta","Chrysophyta (Bacillariophyceae)","Bacillariophyceae","Pennales","Pennales","Surirellaceae","Surirellaceae","Cymatopleura","Cymatopleura; Cymatopleura elliptica; Cymatopleura solea","Cymatopleura"
"129","Diatom","Diatoms","Chrysophyta","Chrysophyta (Bacillariophyceae)","Bacillariophyceae","Pennales","Surirellales","Surirellaceae","Surirellaceae","Stenopterobia","Stenopterobia","Stenopterobia curvula"
"130","Diatom","Diatoms","Chrysophyta","Chrysophyta (Bacillariophyceae)","Bacillariophyceae","Pennales","Pennales","Surirellaceae","Surirellaceae","Surirella","Surirella; Surirella ovalis; Surirella ovata","Surirella"
"131","Diatom","Diatoms","Chrysophyta","Chrysophyta (Bacillariophyceae)","Bacillariophyceae","Pennales","Pennales","Tabellariaceae","Tabellariaceae","Tabellaria","Tabellaria; Tabellaria fenestrata; Tabellaria flocculosa; Tabellaria ventricosa","Tabellaria; Tabellaria fenestrata"
"132","Diatom","Diatoms","Chrysophyta","Chrysophyta (Bacillariophyceae)","Fragilariophyceae","Pennales","Pennales","Fragilariaceae","Fragilariaceae","Asterionella","Asterionella; Asterionella formosa; Asterionella ralfsii","Asterionella; Asterionella formosa"
"133","Dinoflagellates",NA,"Myzozoa",NA,"Dinophyceae","Gonyaulacales",NA,"Calciodinellaceae",NA,"Ensiculifera","Ensiculifera",NA
"134","Dinoflagellates","Dinoflagellate","Myzozoa","Pyrrhophyta","Dinophyceae","Gonyaulacales","Peridiniales","Ceratiaceae","Oxytoxaceae","Ceratium","Ceratium; Ceratium carolinianum; Ceratium cornutum; Ceratium furcoides; Ceratium hirundinella","Ceratium; Ceratium hirundinella"
"135","Dinoflagellates","Dinoflagellate","Myzozoa","Pyrrhophyta","Dinophyceae","Gymnodiniales","Gymnodiniales","Gymnodiniaceae","Gymondiniaceae","Gymnodinium","Gymnodinium; Gymnodinium discoidale; Gymnodinium palustre; Gymnodinium uberrimum","Gymnodinium"
"136","Dinoflagellates",NA,"Myzozoa",NA,"Dinophyceae","Gymnodiniales",NA,"Kareniaceae",NA,"Karlodinium","Karlodinium",NA
"137","Dinoflagellates",NA,"Myzozoa",NA,"Dinophyceae","Gymnodiniales",NA,"Kareniaceae",NA,"Katodinium","Katodinium",NA
"138","Dinoflagellates",NA,"Myzozoa",NA,"Dinophyceae","Oxyrrhinales",NA,"Osyrrhinaceae",NA,"Oxyrrhis","Oxyrrhis",NA
"139","Dinoflagellates","Dinoflagellate","Myzozoa","Pyrrhophyta","Dinophyceae","Peridiniales","Peridiniales","Glenodiniaceae","Glenodiniaceae","Glenodinium","Glenodinium; Glenodinium quadridens","Glenodinium"
"140","Dinoflagellates",NA,"Myzozoa",NA,"Dinophyceae","Peridiniales",NA,"Glenodiniaceae",NA,"Heterocapsa","Heterocapsa",NA
"141","Dinoflagellates","Dinoflagellate","Myzozoa","Pyrrhophyta","Dinophyceae","Peridiniales","Peridiniales","Peridiniaceae","Peridiniaceae","Peridinium","Peridinium; Peridinium aciculiferum; Peridinium bipes; Peridinium inconspicuum; Peridinium limbatum; Peridinium umbonatum; Peridinium willei; Peridinium wisconsinense","Peridinium"
"142","Dinoflagellates",NA,"Myzozoa",NA,"Dinophyceae","Peridiniales",NA,"Peridiniaceae",NA,"Scrippsiella","Scrippsiella trochoidea",NA
"143","Dinoflagellates",NA,"Myzozoa",NA,"Dinophyceae","Peridiniales",NA,"Protoperidiniaceae",NA,"Protoperidinium","Protoperidinium",NA
"144","Dinoflagellates",NA,"Myzozoa",NA,"Dinophyceae","Phytodiniales",NA,"Phytodiniaceae",NA,"Cystodinium","Cystodinium",NA
"145","Euglenoids","Euglenoid","Euglenophycota","Euglenophyta","Euglenophyceae","Euglenales","Euglenales","Euglenaceae","Euglenaceae","Euglena","Euglena; Euglena acus; Euglena convoluta; Euglena proxima","Euglena; Euglena gracilis; Euglena minima; Euglena sanguinea"
"146","Euglenoids","Euglenoid","Euglenophycota","Euglenophyta","Euglenophyceae","Euglenales","Euglenales","Euglenaceae","Euglenaceae","Lepocinclis","Lepocinclis; Lepocinclis acus; Lepocinclis ovum; Lepocinclis spirogyroides; Lepocinclis steinii","Lepocinclis; Lepocinclis ovum"
"147","Euglenoids","Euglenoid","Euglenophycota","Euglenophyta","Euglenophyceae","Euglenales","Euglenales","Euglenaceae","Euglenaceae","Monomorphina","Monomorphina","Monomorphina"
"148","Euglenoids","Euglenoid","Euglenophycota","Euglenophyta","Euglenophyceae","Euglenales","Euglenales","Euglenaceae","Euglenaceae","Phacus","Phacus; Phacus caudatus; Phacus chloroplastes; Phacus curvicauda; Phacus horridus; Phacus longicauda; Phacus nordstedtii; Phacus orbicularis; Phacus pseudoswirenkoi; Phacus suecicus; Phacus swirenkoi; Phacus tortus","Phacus; Phacus helicoides; Phacus longicauda"
"149","Euglenoids","Euglenoid","Euglenophycota","Euglenophyta","Euglenophyceae","Euglenales","Euglenales","Euglenaceae","Euglenaceae","Strombomonas","Strombomonas; Strombomonas acuminata; Strombomonas conspersa; Strombomonas ovalis; Strombomonas rotunda","Strombomonas"
"150","Euglenoids","Euglenoid","Euglenophycota","Euglenophyta","Euglenophyceae","Euglenales","Euglenales","Euglenaceae","Euglenaceae","Trachelomonas","Trachelomonas; Trachelomonas abrupta; Trachelomonas acanthostoma; Trachelomonas armata; Trachelomonas caudata; Trachelomonas cylindrica; Trachelomonas dubia; Trachelomonas ellipsoidalis; Trachelomonas hexangulata; Trachelomonas hispida; Trachelomonas lacustris; Trachelomonas oblonga; Trachelomonas rotunda; Trachelomonas rugulosa; Trachelomonas scabra; Trachelomonas similis; Trachelomonas spectabilis; Trachelomonas subverrucosa; Trachelomonas superba; Trachelomonas variabilis; Trachelomonas volvocina","Trachelomonas; Trachelomonas anmata"
"151","Euglenoids",NA,"Euglenophycota",NA,"Euglenophyceae","Eutreptiales",NA,"Eutreptiaceae",NA,"Eutreptia","Eutreptia",NA
"152","Eustigmatophytes","Yello-Green Algae","Ochrophyta","Isthmochoron","Eustigmatophyceae","Eustigmatales","Tribophyceae","Eustigmataceae","Mischococcales","Pseudostaurastrum","Pseudostaurastrum; Pseudostaurastrum hastatum; Pseudostaurastrum limneticum; Pseudostaurastrum lobulatum","Pseudostaurastrum; Pseudostaurastrum limnetica"
"153","Golden algae","Yello-Green Algae","Heterokontophyta","Chrysophyta","Chrysophyceae","Chromalinales","Chromulinales","Chromulinaceae","Chromulinaceae","Chromulina","Chromulina","Chromulina"
"154","Golden algae","Yello-Green Algae","Heterokontophyta","Chrysophyta","Chrysophyceae","Chromalinales","Chromulinales","Dinobryaceae","Chromulinaceae","Pseudokephyrion","Pseudokephyrion; Pseudokephyrion pseudospirale","Pseudokephyrion"
"155","Golden algae","Yello-Green Algae","Heterokontophyta","Chrysophyta","Chrysophyceae","Chromulinales","Chromulinales","Chromulinaceae","Chromulinaceae","Kephyrion","Kephyrion; Kephyrion rubi-claustri","Kephyrion"
"156","Golden algae",NA,"Heterokontophyta",NA,"Chrysophyceae","Chromulinales",NA,"Chrysocapsaceae",NA,"Chrysocapsella","Chrysocapsella planctonica",NA
"157","Golden algae","Yello-Green Algae","Heterokontophyta","Chrysophyta","Chrysophyceae","Chrysococcales","Chrysococcales","Chrysococcaceae","Chrysococcaceae","Chrysococcus","Chrysococcus","Chrysococcus"
"158","Golden algae","Yello-Green Algae","Heterokontophyta","Chrysophyta","Chrysophyceae","Chrysomonadales","Chrysomonadales","Dinobryaceae","Dinobryaceae","Dinobryon","Dinobryon; Dinobryon bavaricum; Dinobryon crenulatum; Dinobryon cylindricum; Dinobryon divergens; Dinobryon sertularia; Dinobryon sociale","Dinobryon; Dinobryon bavaricum; Dinobryon eurystoma; Dinobryon sertularia"
"159","Golden algae","Yello-Green Algae","Heterokontophyta","Chrysophyta","Chrysophyceae","Chrysomonadales","Chrysomonadales","Synuraceae","Synuraceae","Mallomonas","Mallomonas; Mallomonas akrokomas; Mallomonas producta","Mallomonas"
"160","Golden algae","Yello-Green Algae","Heterokontophyta","Chrysophyta","Chrysophyceae","Chrysomonadales","Chrysomonadales","Synuraceae","Synuraceae","Synura","Synura; Synura uvella","Synura"
"161","Golden algae",NA,"Heterokontophyta",NA,"Chrysophyceae","Dictyochales",NA,"Dictyochaceae",NA,"Dictyocha","Dictyocha",NA
"162","Golden algae","Yello-Green Algae","Heterokontophyta","Chrysophyta","Chrysophyceae","Ochromonadales","Ochromonadales","Ochromonadaceae","Ochromonadaceae","Ochromonas","Ochromonas; Ochromonas pyriformis","Ochromonas"
"163","Golden algae","Yello-Green Algae","Heterokontophyta","Chrysophyta","Chrysophyceae","Ochromonadales","Chrysomonadales","Ochromonadaceae","Ochromonadaceae","Uroglena","Uroglena","Uroglena"
"164","Golden algae",NA,"Heterokontophyta",NA,"Chrysophyceae","Pedinellales",NA,"Pedinellaceae",NA,"Pseudopedinella","Pseudopedinella pyriformis",NA
"165","Golden algae","Yello-Green Algae","Heterokontophyta","Chrysophyta","Chrysophyceae","Stylococcales","Chrysomonadales","Stylococcaceae","Undetermined","Bitrichia","Bitrichia","Bitrichia"
"166","Green algae",NA,"Chlorophyta",NA,"Chlorophyceae","Chattonetales",NA,"Vacuolariaceae",NA,"Gonyostomum","Gonyostomum; Gonyostomum depressum; Gonyostomum semen",NA
"167","Green algae",NA,"Chlorophyta",NA,"Chlorophyceae","Chlorellales",NA,"Chlorellacae",NA,"Coronastrum","Coronastrum ellipsoideum",NA
"168","Green algae",NA,"Chlorophyta",NA,"Chlorophyceae","Chlorellales",NA,"Chlorellacae",NA,"Diacanthos","Diacanthos belanophorus",NA
"169","Green algae",NA,"Chlorophyta",NA,"Chlorophyceae","Chlorellales",NA,"Chlorellacae",NA,"Didymogenes","Didymogenes",NA
"170","Green algae",NA,"Chlorophyta",NA,"Chlorophyceae","Chlorellales",NA,"Chlorellacae",NA,"Golenkiniopsis","Golenkiniopsis; Golenkiniopsis chlorelloides",NA
"171","Green algae",NA,"Chlorophyta",NA,"Chlorophyceae","Chlorellales",NA,"Chlorellaceae",NA,"Podohedra","Podohedra falcata",NA
"172","Green algae",NA,"Chlorophyta",NA,"Chlorophyceae","Chlorellales",NA,"Koliellaceae",NA,"Koliella","Koliella longiseta",NA
"173","Green algae",NA,"Chlorophyta",NA,"Chlorophyceae","Chlorococcales",NA,"Characiaceae",NA,"Ankyra","Ankyra; Ankyra judai",NA
"174","Green algae","Green Algae","Chlorophyta","Chlorophyta","Chlorophyceae","Chlorococcales","Chlorococcales","Chlorococcaceae","Chlorococcaceae","Chlorococcum","Chlorococcum","Chlorococcum; Chlorococcum humicola"
"175","Green algae",NA,"Chlorophyta",NA,"Chlorophyceae","Chlorococcales",NA,"Chlorococcaceae",NA,"Tetraedron","Tetraedron; Tetraedron arthrodesmiforme; Tetraedron bifurcatum; Tetraedron caudatum; Tetraedron constrictum; Tetraedron duospinum; Tetraedron gracile; Tetraedron hastatum; Tetraedron heteracanthum; Tetraedron limneticum; Tetraedron minimum; Tetraedron minutum; Tetraedron muticum; Tetraedron pentaedricum; Tetraedron plactonicum; Tetraedron pusillum; Tetraedron regulare; Tetraedron trigonum; Tetraedron victoriae",NA
"176","Green algae","Green Algae","Chlorophyta","Chlorophyta","Chlorophyceae","Chlorococcales","Chlorococcales","Coccomyxaceae","Oocystaceae","Nannochloris","Nannochloris","Nannochloris"
"177","Green algae","Green Algae","Chlorophyta","Chlorophyta","Chlorophyceae","Chlorococcales","Chlorococcales","Dictyosphaeriaceae","Oocystaceae","Botryococcus","Botryococcus; Botryococcus braunii; Botryococcus protuberans","Botryococcus"
"178","Green algae","Green Algae","Chlorophyta","Chlorophyta","Chlorophyceae","Chlorococcales","Chlorococcales","Dictyosphaeriaceae","Oocystaceae","Dictyosphaerium","Dictyosphaerium; Dictyosphaerium chlorelloides; Dictyosphaerium ehrenbergianum; Dictyosphaerium pulchellum; Dictyosphaerium tetrachotomum","Dictyosphaerium; Dictyosphaerium ehrenbergianum; Dictyosphaerium ehrenbergii; Dictyosphaerium pulchellum"
"179","Green algae",NA,"Chlorophyta",NA,"Chlorophyceae","Chlorococcales",NA,"Hormotilaceae",NA,"Palmodictyon","Palmodictyon viride",NA
"180","Green algae",NA,"Chlorophyta",NA,"Chlorophyceae","Chlorococcales",NA,"Hydrodictyaceae",NA,"Parapediastrum","Parapediastrum biradiatum",NA
"181","Green algae","Green Algae","Chlorophyta","Chlorophyta","Chlorophyceae","Chlorococcales","Chlorococcales","Hydrodictyaceae","Hydrodictyaceae","Pediastrum","Pediastrum; Pediastrum angulosum; Pediastrum boryanum; Pediastrum duplex; Pediastrum kawraiskyi; Pediastrum simplex; Pediastrum tetras","Pediastrum; Pediastrum Boryanum; Pediastrum duplex; Pediastrum duplex clathratum; Pediastrum duplex gracillimum ; Pediastrum duplex rotundatum; Pediastrum kawraiskyi; Pediastrum obtusum; Pediastrum simplex duodenarium; Pediastrum tetras"
"182","Green algae",NA,"Chlorophyta",NA,"Chlorophyceae","Chlorococcales",NA,"Micractiniaceae",NA,"Golenkina","Golenkina; Golenkina paucispina; Golenkina radiata",NA
"183","Green algae","Green Algae","Chlorophyta","Chlorophyta","Chlorophyceae","Chlorococcales","Chlorococcales","Micractiniaceae","Micractiniaceae","Micractinium","Micractinium; Micractinium pusillum; Micractinium quadrisetum","Micractinium"
"184","Green algae","Green Algae","Chlorophyta","Chlorophyta","Chlorophyceae","Chlorococcales","Chlorococcales","Microsporaceae","Microsporaceae","Microspora","Microspora","Microspora"
"185","Green algae","Green Algae","Chlorophyta","Chlorophyta","Chlorophyceae","Chlorococcales","Chlorococcales","Oocystaceae","Oocystaceae","Ankistrodesmus","Ankistrodesmus; Ankistrodesmus bibraianus; Ankistrodesmus falcatus; Ankistrodesmus spiralis","Ankistrodesmus; Ankistrodesmus falcatus; Ankistrodesmus fractus; Ankistrodesmus nannoselene; Ankistrodesmus spiralis"
"186","Green algae","Green Algae","Chlorophyta","Chlorophyta","Chlorophyceae","Chlorococcales","Tetrasporales","Oocystaceae","Coccomyxaceae","Eremosphaera","Eremosphaera viridis","Eremosphaera"
"187","Green algae",NA,"Chlorophyta",NA,"Chlorophyceae","Chlorococcales",NA,"Oocystaceae",NA,"Keratococcus","Keratococcus bicaudatus",NA
"188","Green algae","Green Algae","Chlorophyta","Chlorophyta","Chlorophyceae","Chlorococcales","Chlorococcales","Oocystaceae","Oocystaceae","Kirchneriella","Kirchneriella; Kirchneriella contorta; Kirchneriella lunaris; Kirchneriella obesa","Kirchneriella; Kirchneriella contorta; Kirchneriella lunaris; Kirchneriella obesa"
"189","Green algae","Green Algae","Chlorophyta","Chlorophyta","Chlorophyceae","Chlorococcales","Chlorococcales","Oocystaceae","Oocystaceae","Lagerheimia","Lagerheimia; Lagerheimia chodatii; Lagerheimia citriformis; Lagerheimia genevensis; Lagerheimia longiseta; Lagerheimia quadriseta; Lagerheimia subsalsa; Lagerheimia wratislaviensis","Lagerheimia; Lagerheimia genevensis; Lagerheimia subsalsa"
"190","Green algae","Green Algae","Chlorophyta","Chlorophyta","Chlorophyceae","Chlorococcales","Chlorococcales","Oocystaceae","Oocystaceae","Monoraphidium","Monoraphidium; Monoraphidium arcuatum; Monoraphidium circinale; Monoraphidium contortum; Monoraphidium convolutum; Monoraphidium griffithii; Monoraphidium irregulare; Monoraphidium komarkovae; Monoraphidium minimum; Monoraphidium minutum; Monoraphidium nanum; Monoraphidium pusillum; Monoraphidium tortile","Monoraphidium"
"191","Green algae","Green Algae","Chlorophyta","Chlorophyta","Chlorophyceae","Chlorococcales","Chlorococcales","Oocystaceae","Oocystaceae","Nephrocytium","Nephrocytium; Nephrocytium agardhianum; Nephrocytium limneticum; Nephrocytium lunatum","Nephrocytium; Nephrocytium limneticum"
"192","Green algae","Green Algae","Chlorophyta","Chlorophyta","Chlorophyceae","Chlorococcales","Chlorococcales","Oocystaceae","Oocystaceae","Oocystis","Oocystis; Oocystis borgei; Oocystis crassa; Oocystis lacustris; Oocystis marssonii; Oocystis parva; Oocystis pusilla; Oocystis solitaria","Oocystis; Oocystis elliptica; Oocystis eremosphaeria; Oocystis gigas; Oocystis gloeocystiformis; Oocystis parva; Oocystis pusilla; Oocystis pyriformis; Oocystis solitaria"
"193","Green algae","Green Algae","Chlorophyta","Chlorophyta","Chlorophyceae","Chlorococcales","Chlorococcales","Oocystaceae","Oocystaceae","Planktosphaeria","Planktosphaeria; Planktosphaeria gelatinosa","Planktosphaeria"
"194","Green algae","Green Algae","Chlorophyta","Chlorophyta","Chlorophyceae","Chlorococcales","Chlorococcales","Oocystaceae","Oocystaceae","Quadrigula","Quadrigula; Quadrigula chodatii; Quadrigula closteroides; Quadrigula lacustris; Quadrigula pfitzeri","Quadrigula; Quadrigula chodati; Quadrigula lacustris"
"195","Green algae","Green Algae","Chlorophyta","Chlorophyta","Chlorophyceae","Chlorococcales","Chlorococcales","Oocystaceae","Oocystaceae","Schroederia","Schroederia; Schroederia robusta; Schroederia setigera","Schroederia"
"196","Green algae","Green Algae","Chlorophyta","Chlorophyta","Chlorophyceae","Chlorococcales","Chlorococcales","Oocystaceae","Oocystaceae","Selenastrum","Selenastrum; Selenastrum gracile; Selenastrum minutum","Selenastrum"
"197","Green algae","Green Algae","Chlorophyta","Chlorophyta","Chlorophyceae","Chlorococcales","Chlorococcales","Oocystaceae","Oocystaceae","Westella","Westella; Westella botryoides; Westella linearis","Westella"
"198","Green algae","Green Algae","Chlorophyta","Chlorophyta","Chlorophyceae","Chlorococcales","Chlorococcales","Scenedesmaceae","Scenedesmaceae","Actinastrum","Actinastrum; Actinastrum gracillimum; Actinastrum hantzschii","Actinastrum; Actinastrum hantzschii"
"199","Green algae","Green Algae","Chlorophyta","Chlorophyta","Chlorophyceae","Chlorococcales","Chlorococcales","Scenedesmaceae","Scenedesmaceae","Crucigenia","Crucigenia; Crucigenia apiculata; Crucigenia crucifera; Crucigenia fenestrata; Crucigenia irregularis; Crucigenia quadrata; Crucigenia rectangularis; Crucigenia tetrapedia; Crucigenia truncata","Crucigenia; Crucigenia apiculata; Crucigenia fenestrata; Crucigenia irregularis; Crucigenia quadrata; Crucigenia rectangularis; Crucigenia tetrapedia"
"200","Green algae",NA,"Chlorophyta",NA,"Chlorophyceae","Chlorococcales",NA,"Scenedesmaceae",NA,"Crucigeniella","Crucigeniella; Crucigeniella apiculata; Crucigeniella crucifera; Crucigeniella irregularis; Crucigeniella rectangularis",NA
"201","Green algae","Green Algae","Chlorophyta","Chlorophyta","Chlorophyceae","Chlorococcales","Chlorococcales","Scenedesmaceae","Scenedesmaceae","Scenedesmus","Scenedesmus; Scenedesmus abundans; Scenedesmus acuminatus; Scenedesmus acutiformis; Scenedesmus arcuatus; Scenedesmus armatus; Scenedesmus balatonicus; Scenedesmus bernardii; Scenedesmus bijuga; Scenedesmus brasiliensis; Scenedesmus communis; Scenedesmus costatus; Scenedesmus dimorphus; Scenedesmus dispar; Scenedesmus ellipticus; Scenedesmus falcatus; Scenedesmus incrassatulus; Scenedesmus obliquus; Scenedesmus opoliensis; Scenedesmus protuberans; Scenedesmus quadricauda; Scenedesmus raciborskii; Scenedesmus subspicatus","Scenedesmus; Scenedesmus acuminatus; Scenedesmus bijuga; Scenedesmus dimorphus; Scenedesmus ecornis; Scenedesmus ovalternus; Scenedesmus quadricuada Westii; Scenedesmus quadricuada maximus; Scenedesmus spinosus"
"202","Green algae","Green Algae","Chlorophyta","Chlorophyta","Chlorophyceae","Chlorococcales","Chlorococcales","Scenedesmaceae","Scenedesmaceae","Tetrastrum","Tetrastrum; Tetrastrum elegans; Tetrastrum glabrum; Tetrastrum heteracanthum; Tetrastrum komarekii; Tetrastrum minimum; Tetrastrum staurogeniaeforme; Tetrastrum triangulare","Tetrastrum; Tetrastrum glabrum; Tetrastrum staurogeniaforma"
"203","Green algae",NA,"Chlorophyta",NA,"Chlorophyceae","Cladophorales",NA,"Cladophoraceae",NA,"Cladophora","Cladophora; Cladophora glomerata",NA
"204","Green algae","Green Algae","Chlorophyta","Chlorophyta","Chlorophyceae","Cladophorales","Cladophorales","Cladophoraceae","Cladophoraceae","Rhizoclonium","Rhizoclonium","Rhizoclonium"
"205","Green algae",NA,"Chlorophyta",NA,"Chlorophyceae","Cylindrocapsales",NA,"Cylindrocapsaceae",NA,"Cylindrocapsa","Cylindrocapsa geminella",NA
"206","Green algae","Green Algae","Chlorophyta","Chlorophyta","Chlorophyceae","Desmidiales","Zygnematales","Desmidiaceae","Desmidiaceae","Cosmarium","Cosmarium; Cosmarium biretum; Cosmarium hammeri; Cosmarium porrectum; Cosmarium undulatum","Cosmarium; Cosmarium garrolense"
"207","Green algae","Green Algae","Chlorophyta","Chlorophyta","Chlorophyceae","Desmidiales","Zygnematales","Desmidiaceae","Desmidiaceae","Euastrum","Euastrum; Euastrum bidentatum; Euastrum denticulatum; Euastrum pseudocorelloides","Euastrum"
"208","Green algae",NA,"Chlorophyta",NA,"Chlorophyceae","Oedogoniales",NA,"Oedogoniaceae",NA,"Bulbochaete","Bulbochaete",NA
"209","Green algae","Green Algae","Chlorophyta","Chlorophyta","Chlorophyceae","Oedogoniales","Oedogoniales","Oedogoniaceae","Oedogoniaceae","Oedogonium","Oedogonium","Oedogonium"
"210","Green algae","Green Algae","Chlorophyta","Chlorophyta","Chlorophyceae","Oocystales","Chlorococcales","Oocystaceae","Oocystaceae","Chlorella","Chlorella; Chlorella ellipsoidea; Chlorella vulgaris","Chlorella"
"211","Green algae","Green Algae","Chlorophyta","Chlorophyta","Chlorophyceae","Oocystales","Chlorococcales","Oocystaceae","Oocystaceae","Closteriopsis","Closteriopsis; Closteriopsis acicularis; Closteriopsis longissima","Closteriopsis"
"212","Green algae","Green Algae","Chlorophyta","Chlorophyta","Chlorophyceae","Oocystales","Chlorococcales","Oocystaceae","Oocystaceae","Treubaria","Treubaria; Treubaria setigerum; Treubaria triappendiculata","Treubaria"
"213","Green algae","Green Algae","Chlorophyta","Chlorophyta","Chlorophyceae","Sphaeropleales","Chlorococcales","Characiaceae","Chlorococcaceae","Characium","Characium; Characium ambiguum; Characium limneticum","Characium"
"214","Green algae","Green Algae","Chlorophyta","Chlorophyta","Chlorophyceae","Sphaeropleales","Chlorococcales","Hydrodictyaceae","Hydrodictyaceae","Sorastrum","Sorastrum; Sorastrum americanum","Sorastrum"
"215","Green algae",NA,"Chlorophyta",NA,"Chlorophyceae","Sphaeropleales",NA,"Hydrodictyaceae",NA,"Stauridium","Stauridium tetras",NA
"216","Green algae",NA,"Chlorophyta",NA,"Chlorophyceae","Sphaeropleales",NA,"Neochloridaceae",NA,"Chlorotetraedron","Chlorotetraedron incus",NA
"217","Green algae",NA,"Chlorophyta",NA,"Chlorophyceae","Sphaeropleales",NA,"Radiococcaceae",NA,"Coenochloris","Coenochloris fottii",NA
"218","Green algae",NA,"Chlorophyta",NA,"Chlorophyceae","Sphaeropleales",NA,"Radiococcaceae",NA,"Coenococcus","Coenococcus",NA
"219","Green algae","Green Algae","Chlorophyta","Chlorophyta","Chlorophyceae","Sphaeropleales","Chlorococcales","Scenedesmaceae","Scenedesmaceae","Coelastrum","Coelastrum; Coelastrum astroideum; Coelastrum microporum; Coelastrum proboscideum; Coelastrum pseudomicroporum; Coelastrum pulchrum; Coelastrum reticulatum; Coelastrum sphaericum","Coelastrum; Coelastrum cambricum; Coelastrum microporum; Coelastrum reticulatum; Coelastrum sphaericum"
"220","Green algae",NA,"Chlorophyta",NA,"Chlorophyceae","Sphaeropleales",NA,"Scenedesmaceae",NA,"Tetradesmus","Tetradesmus wisconsinensis",NA
"221","Green algae",NA,"Chlorophyta",NA,"Chlorophyceae","Sphaeropleales",NA,"Scenedesmaceae",NA,"Tetrallantos","Tetrallantos lagerheimii",NA
"222","Green algae",NA,"Chlorophyta",NA,"Chlorophyceae","Sphaeropleales",NA,"Selenastraceae",NA,"Chlorolobion","Chlorolobion braunii",NA
"223","Green algae",NA,"Chlorophyta",NA,"Chlorophyceae","Sphaeropleales",NA,"Sphaeropleales",NA,"Raphidocelis","Raphidocelis contorta",NA
"224","Green algae","Green Algae","Chlorophyta","Chlorophyta","Chlorophyceae","Tetrasporales","Tetrasporales","Coccomyxaceae","Coccomyxaceae","Elakatothrix","Elakatothrix; Elakatothrix gelatinosa; Elakatothrix viridis","Elakatothrix; Elakatothrix gelatinosa; Elakatothrix giplek"
"225","Green algae","Green Algae","Chlorophyta","Chlorophyta","Chlorophyceae","Tetrasporales","Tetrasporales","Palmellaceae","Palmellaceae","Gloeocystis","Gloeocystis; Gloeocystis ampla; Gloeocystis gigas; Gloeocystis planctonica; Gloeocystis vesiculosa","Gloeocystis; Gloeocystis planktonica; Gloeocystis vesiculosa"
"226","Green algae","Green Algae","Chlorophyta","Chlorophyta","Chlorophyceae","Tetrasporales","Tetrasporales","Palmellopsidaceae","Gloeocystaceae","Asterococcus","Asterococcus; Asterococcus limneticus","Asterococcus"
"227","Green algae","Green Algae","Chlorophyta","Chlorophyta","Chlorophyceae","Tetrasporales","Tetrasporales","Palmellopsidaceae","Palmellaceae","Sphaerocystis","Sphaerocystis; Sphaerocystis planktonica; Sphaerocystis schroeteri","Sphaerocystis; Sphaerocystis schroeteri"
"228","Green algae","Green Algae","Chlorophyta","Chlorophyta","Chlorophyceae","Tetrasporales","Tetrasporales","Radiococcaceae","Radiococcaceae","Radiococcus","Radiococcus; Radiococcus planktonicus","Radiococcus"
"229","Green algae",NA,"Chlorophyta",NA,"Chlorophyceae","Tetrasporales",NA,"Tetrasporaceae",NA,"Schizochlamys","Schizochlamys",NA
"230","Green algae",NA,"Chlorophyta",NA,"Chlorophyceae","Ulotrichales",NA,"Gloeotilaceae",NA,"Binuclearia","Binuclearia; Binuclearia tectorum",NA
"231","Green algae",NA,"Chlorophyta",NA,"Chlorophyceae","Ulotrichales",NA,"Ulotrichaceae",NA,"Geminella","Geminella; Geminella interrupta",NA
"232","Green algae",NA,"Chlorophyta",NA,"Chlorophyceae","Ulotrichales",NA,"Ulotrichaceae",NA,"Hormidiopsis","Hormidiopsis ellipsoideum",NA
"233","Green algae",NA,"Chlorophyta",NA,"Chlorophyceae","Ulotrichales",NA,"Ulotrichaceae",NA,"Klebsormidium","Klebsormidium",NA
"234","Green algae","Green Algae","Chlorophyta","Chlorophyta","Chlorophyceae","Ulotrichales","Ulotrichales","Ulotrichaceae","Ulotrichaceae","Planctonema","Planctonema lauterbornii","Planctonema"
"235","Green algae",NA,"Chlorophyta",NA,"Chlorophyceae","Ulotrichales",NA,"Ulotrichaceae",NA,"Radiofilum","Radiofilum conjunctivum",NA
"236","Green algae",NA,"Chlorophyta",NA,"Chlorophyceae","Ulotrichales",NA,"Ulotrichaceae",NA,"Raphidonema","Raphidonema nivale",NA
"237","Green algae",NA,"Chlorophyta",NA,"Chlorophyceae","Ulotrichales",NA,"Ulotrichaceae",NA,"Stichococcus","Stichococcus",NA
"238","Green algae","Green Algae","Chlorophyta","Chlorophyta","Chlorophyceae","Ulotrichales","Ulotrichales","Ulotrichaceae","Ulotrichaceae","Ulothrix","Ulothrix; Ulothrix subconstricta; Ulothrix subtilissima; Ulothrix variabilis; Ulothrix zonata","Ulothrix"
"239","Green algae","Green Algae","Chlorophyta","Chlorophyta","Chlorophyceae","Volvocales","Volvocales","Chlamydomonadaceae","Chlamydomonadaceae","Carteria","Carteria","Carteria"
"240","Green algae","Green Algae","Chlorophyta","Chlorophyta","Chlorophyceae","Volvocales","Volvocales","Chlamydomonadaceae","Chlamydomonadaceae","Chlamydomonas","Chlamydomonas; Chlamydomonas globosa; Chlamydomonas grovei; Chlamydomonas monadina","Chlamydomonas"
"241","Green algae",NA,"Chlorophyta",NA,"Chlorophyceae","Volvocales",NA,"Chlamydomonadaceae",NA,"Chlorogonium","Chlorogonium",NA
"242","Green algae",NA,"Chlorophyta",NA,"Chlorophyceae","Volvocales",NA,"Chlamydomonadaceae",NA,"Sphaerellopsis","Sphaerellopsis",NA
"243","Green algae",NA,"Chlorophyta",NA,"Chlorophyceae","Volvocales",NA,"Haematococcaceae",NA,"Haematococcus","Haematococcus",NA
"244","Green algae","Green Algae","Chlorophyta","Chlorophyta","Chlorophyceae","Volvocales","Volvocales","Phacotaceae","Phacotaceae","Coccomonas","Coccomonas orbicularis","Coccomonas"
"245","Green algae",NA,"Chlorophyta",NA,"Chlorophyceae","Volvocales",NA,"Phacotaceae",NA,"Dysmorphococcus","Dysmorphococcus",NA
"246","Green algae",NA,"Chlorophyta",NA,"Chlorophyceae","Volvocales",NA,"Prasinophyceae",NA,"Pyramimonas","Pyramimonas; Pyramimonas tetrahynchus",NA
"247","Green algae","Green Algae","Chlorophyta","Chlorophyta","Chlorophyceae","Volvocales","Volvocales","Prasinophyceae","Polyblepharidaceae","Tetraselmis","Tetraselmis; Tetraselmis cordiformis","Tetraselmis"
"248","Green algae","Green Algae","Chlorophyta","Chlorophyta","Chlorophyceae","Volvocales","Volvocales","Volvocaceae","Volvocaceae","Eudorina","Eudorina; Eudorina elegans","Eudorina"
"249","Green algae","Green Algae","Chlorophyta","Chlorophyta","Chlorophyceae","Volvocales","Volvocales","Volvocaceae","Volvocaceae","Gonium","Gonium; Gonium pectorale; Gonium sociale","Gonium"
"250","Green algae","Green Algae","Chlorophyta","Chlorophyta","Chlorophyceae","Volvocales","Volvocales","Volvocaceae","Volvocaceae","Pandorina","Pandorina; Pandorina morum","Pandorina"
"251","Green algae",NA,"Chlorophyta",NA,"Chlorophyceae","Volvocales",NA,"Volvocaceae",NA,"Pleodorina","Pleodorina",NA
"252","Green algae","Green Algae","Chlorophyta","Chlorophyta","Chlorophyceae","Volvocales","Volvocales","Volvocaceae","Volvocaceae","Volvox","Volvox","Volvox"
"253","Green algae",NA,"Chlorophyta",NA,"Chlorophyceae","Zygnematales",NA,"Desmidiaceae",NA,"Arthrodesmus","Arthrodesmus; Arthrodesmus impar; Arthrodesmus incus; Arthrodesmus longispinus; Arthrodesmus octocornis; Arthrodesmus ralfsii; Arthrodesmus subulatus; Arthrodesmus triangularis; Arthrodesmus validus",NA
"254","Green algae",NA,"Chlorophyta",NA,"Chlorophyceae","Zygnematales",NA,"Desmidiaceae",NA,"Bambusina","Bambusina",NA
"255","Green algae","Green Algae","Chlorophyta","Chlorophyta","Chlorophyceae","Zygnematales","Zygnematales","Desmidiaceae","Desmidiaceae","Closterium","Closterium; Closterium aciculare; Closterium acutum; Closterium closterioides; Closterium cornu; Closterium gracile; Closterium kuentzingii; Closterium parvulum; Closterium setaceum","Closterium; Closterium kuetzingii"
"256","Green algae",NA,"Chlorophyta",NA,"Chlorophyceae","Zygnematales",NA,"Desmidiaceae",NA,"Desmidium","Desmidium; Desmidium swartzii",NA
"257","Green algae",NA,"Chlorophyta",NA,"Chlorophyceae","Zygnematales",NA,"Desmidiaceae",NA,"Hyalotheca","Hyalotheca; Hyalotheca dissiliens; Hyalotheca undulata",NA
"258","Green algae","Green Algae","Chlorophyta","Chlorophyta","Chlorophyceae","Zygnematales","Zygnematales","Desmidiaceae","Desmidiaceae","Micrasterias","Micrasterias; Micrasterias arcuata; Micrasterias foliacea; Micrasterias johnsonii","Micrasterias"
"259","Green algae",NA,"Chlorophyta",NA,"Chlorophyceae","Zygnematales",NA,"Desmidiaceae",NA,"Onychonema","Onychonema; Onychonema filiformis; Onychonema laeve",NA
"260","Green algae",NA,"Chlorophyta",NA,"Chlorophyceae","Zygnematales",NA,"Desmidiaceae",NA,"Penium","Penium",NA
"261","Green algae","Green Algae","Chlorophyta","Chlorophyta","Chlorophyceae","Zygnematales","Zygnematales","Desmidiaceae","Desmidiaceae","Pleurotaenium","Pleurotaenium; Pleurotaenium ehrenbergii; Pleurotaenium tridentulum","Pleurotaenium"
"262","Green algae",NA,"Chlorophyta",NA,"Chlorophyceae","Zygnematales",NA,"Desmidiaceae",NA,"Sphaerozosma","Sphaerozosma",NA
"263","Green algae","Green Algae","Chlorophyta","Chlorophyta","Chlorophyceae","Zygnematales","Zygnematales","Desmidiaceae","Desmidiaceae","Spondylosium","Spondylosium; Spondylosium papillosum; Spondylosium planum; Spondylosium pulchrum","Spondylosium; Spondylosium planum"
"264","Green algae","Green Algae","Chlorophyta","Chlorophyta","Chlorophyceae","Zygnematales","Zygnematales","Desmidiaceae","Desmidiaceae","Staurastrum","Staurastrum; Staurastrum alternans; Staurastrum arachne; Staurastrum cingulum; Staurastrum gracile; Staurastrum leptocladum; Staurastrum limneticum; Staurastrum longipes; Staurastrum paradoxum; Staurastrum pentacerum; Staurastrum pingue; Staurastrum setigerum; Staurastrum wolleanum","Staurastrum; Staurastrum paradoxum"
"265","Green algae","Green Algae","Chlorophyta","Chlorophyta","Chlorophyceae","Zygnematales","Zygnematales","Desmidiaceae","Desmidiaceae","Staurodesmus","Staurodesmus; Staurodesmus apiculatus; Staurodesmus triangularis","Staurodesmus"
"266","Green algae","Green Algae","Chlorophyta","Chlorophyta","Chlorophyceae","Zygnematales","Zygnematales","Desmidiaceae","Desmidiaceae","Teilingia","Teilingia; Teilingia excavata; Teilingia granulata; Teilingia wallichii","Teilingia"
"267","Green algae",NA,"Chlorophyta",NA,"Chlorophyceae","Zygnematales",NA,"Desmidiaceae",NA,"Tetmemorus","Tetmemorus",NA
"268","Green algae","Green Algae","Chlorophyta","Chlorophyta","Chlorophyceae","Zygnematales","Zygnematales","Desmidiaceae","Desmidiaceae","Xanthidium","Xanthidium; Xanthidium octocorne","Xanthidium"
"269","Green algae",NA,"Chlorophyta",NA,"Chlorophyceae","Zygnematales",NA,"Mesotaeniaceae",NA,"Gonatozygon","Gonatozygon; Gonatozygon monotaenium",NA
"270","Green algae","Green Algae","Chlorophyta","Chlorophyta","Chlorophyceae","Zygnematales","Zygnematales","Zygnemataceae","Zygnemataceae","Mougeotia","Mougeotia","Mougeotia"
"271","Green algae","Green Algae","Chlorophyta","Chlorophyta","Chlorophyceae","Zygnematales","Zygnematales","Zygnemataceae","Zygnemataceae","Spirogyra","Spirogyra","Spirogyra"
"272","Green algae","Green Algae","Chlorophyta","Chlorophyta","Chlorophyceae","Zygnematales","Zygnematales","Zygnemataceae","Zygnemataceae","Zygnema","Zygnema","Zygnema"
"273","Green algae","Green Algae","Chlorophyta","Chlorophyta","Trebouxiophyceae","Oocystales","Chlorococcales","Oocystaceae","Oocystaceae","Franceia","Franceia; Franceia droescheri; Franceia ovalis","Franceia"
"274","Yellow-green algae","Yello-Green Algae","Heterokontophyta","Chrysophyta","Xanthophyceae","Heterococcales","Mischococcales","Pleurochloridaceae","Pleurochloridaceae","Goniochloris","Goniochloris; Goniochloris mutica; Goniochloris sculpta","Goniochloris"
"275","Yellow-green algae","Yello-Green Algae","Heterokontophyta","Chrysophyta","Xanthophyceae","Heterococcales","Heterococcales","Sciadaceae","Sciadaceae","Ophiocytium","Ophiocytium; Ophiocytium bicuspidatum; Ophiocytium capitatum; Ophiocytium cochleare","Ophiocytium; Ophiocytium capitatum"
"276","Yellow-green algae",NA,"Heterokontophyta",NA,"Xanthophyceae","Heterogloeales",NA,"Heterogloeaceae",NA,"Isthmochloron","Isthmochloron lobulatum",NA
"277","Yellow-green algae","Yello-Green Algae","Heterokontophyta","Chrysophyta","Xanthophyceae","Heterotrichales","Heterotrichales","Tribonematacae","Tribonemataceae","Tribonema","Tribonema","Tribonema"
"278","Yellow-green algae","Yello-Green Algae","Heterokontophyta","Chrysophyta","Xanthophyceae","Mischococcales","Heterococcales","Centritractaceae","Sciadaceae","Centritractus","Centritractus; Centritractus belanophorus","Centritractus"
"279","Yellow-green algae",NA,"Heterokontophyta",NA,"Xanthophyceae","Mischococcales",NA,"Centritractaceae",NA,"Pseudotetraedron","Pseudotetraedron; Pseudotetraedron neglectum",NA
"280","Yellow-green algae","Yello-Green Algae","Heterokontophyta","Chrysophyta","Xanthophyceae","Mischococcales","Mischococcales","Characiopsidaceae","Characiopsidaceae","Characiopsis","Characiopsis longipes","Characiopsis"
"281","Yellow-green algae",NA,"Heterokontophyta",NA,"Xanthophyceae","Mischococcales",NA,"Characiopsidaceae",NA,"Harpochytrium","Harpochytrium",NA
"282","Yellow-green algae",NA,"Heterokontophyta",NA,"Xanthophyceae","Mischococcales",NA,"Gloeobotrydaceae",NA,"Gloeobotrys","Gloeobotrys; Gloeobotrys limneticus",NA
"283","Yellow-green algae",NA,"Heterokontophyta",NA,"Xanthophyceae","Mischococcales",NA,"Pleurochloridaceae",NA,"Tetraedriella","Tetraedriella jovetti; Tetraedriella regularis",NA
"284",NA,"Blue-Green Algae",NA,"Cyanophyta",NA,NA,"Chroococcales",NA,"Chamaesiphonaceae","Chamaesiphon",NA,"Chamaesiphon"
"285",NA,"Blue-Green Algae",NA,"Cyanophyta",NA,NA,"Chroococcales",NA,"Chamaesiphonaceae","Stichosiphon",NA,"Stichosiphon"
"286",NA,"Blue-Green Algae",NA,"Cyanophyta",NA,NA,"Chroococcales",NA,"Merismopediaceae","Coelomoron",NA,"Coelomoron"
"287",NA,"Blue-Green Algae",NA,"Cyanophyta",NA,NA,"Chroococcales",NA,"Synechococcaceae","Lemmermanniella",NA,"Lemmermanniella flexa"
"288",NA,"Blue-Green Algae",NA,"Cyanophyta",NA,NA,"Chroococcales",NA,"Synechococcaceae","Rhabdoglea",NA,"Rhabdoglea; Rhabdoglea smithii"
"289",NA,"Blue-Green Algae",NA,"Cyanophyta",NA,NA,"Nostocales",NA,"Nostocaceae","Aulosira",NA,"Aulosira"
"290",NA,"Blue-Green Algae",NA,"Cyanophyta",NA,NA,"Nostocales",NA,"Nostocaceae","Cuspidothrix",NA,"Cuspidothrix issatschenkoi"
"291",NA,"Blue-Green Algae",NA,"Cyanophyta",NA,NA,"Oscillatoriales",NA,"Borziaceae","Borzia",NA,"Borzia"
"292",NA,"Blue-Green Algae",NA,"Cyanophyta",NA,NA,"Oscillatoriales",NA,"Gomontiellaceae","Gomontiella",NA,"Gomontiella"
"293",NA,"Blue-Green Algae",NA,"Cyanophyta",NA,NA,"Oscillatoriales",NA,"Oscillatoriaceae","Plectonema",NA,"Plectonema"
"294",NA,"Blue-Green Algae",NA,"Cyanophyta",NA,NA,"Oscillatoriales",NA,"Pseudanabaenaceae","Homoeothrix",NA,"Homoeothrix; Homoeothrix janthina"
"295",NA,"Blue-Green Algae",NA,"Cyanophyta",NA,NA,"Oscillatoriales",NA,"Schizotrichaceae","Schizothrix",NA,"Schizothrix"
"296",NA,"Cryptomonads",NA,"Cryptophyta",NA,NA,"Cryptomonadales",NA,"Cryptomonadaceae","Campylomonas",NA,"Campylomonas"
"297",NA,"Cryptomonads",NA,"Cryptophyta",NA,NA,"Cryptomonadales",NA,"Cryptomonadaceae","Chilomonas",NA,"Chilomonas"
"298",NA,"Cryptomonads",NA,"Cryptophyta",NA,NA,"Cryptomonadales",NA,"Cryptomonadaceae","Pyrenomonas",NA,"Pyrenomonas"
"299",NA,"Diatoms",NA,"Chrysophyta (Bacillariophyceae)",NA,NA,"Centrales",NA,"Acanthocerataceae","Acanthoceras",NA,"Acanthoceras"
"300",NA,"Diatoms",NA,"Chrysophyta (Bacillariophyceae)",NA,NA,"Centrales",NA,"Biddulphiaceae","Hydrosera",NA,"Hydrosera"
"301",NA,"Diatoms",NA,"Chrysophyta (Bacillariophyceae)",NA,NA,"Centrales",NA,"Coscinodiscaceae","Coscinodiscus",NA,"Coscinodiscus"
"302",NA,"Diatoms",NA,"Chrysophyta (Bacillariophyceae)",NA,NA,"Centrales",NA,"Rhizosoleniaceae","Urosolenia",NA,"Urosolenia"
"303",NA,"Diatoms",NA,"Chrysophyta (Bacillariophyceae)",NA,NA,"Centrales",NA,"Skeletonemataceae","Skeletonema",NA,"Skeletonema"
"304",NA,"Diatoms",NA,"Chrysophyta (Bacillariophyceae)",NA,NA,"Centrales",NA,"Stephanodiscaceae","Cyclostephanos",NA,"Cyclostephanos"
"305",NA,"Diatoms",NA,"Chrysophyta (Bacillariophyceae)",NA,NA,"Centrales",NA,"Thalassiosiraceae","Discostella",NA,"Discostella; Discostella glomerata; Discostella stelligera"
"306",NA,"Diatoms",NA,"Chrysophyta (Bacillariophyceae)",NA,NA,"Centrales",NA,"Thalassiosiraceae","Thalassiosira",NA,"Thalassiosira"
"307",NA,"Diatoms",NA,"Chrysophyta (Bacillariophyceae)",NA,NA,"Pennales",NA,"Achnanthaceae","Karayevia",NA,"Karayevia"
"308",NA,"Diatoms",NA,"Chrysophyta (Bacillariophyceae)",NA,NA,"Pennales",NA,"Cymbellaceae","Placoneis",NA,"Placoneis"
"309",NA,"Diatoms",NA,"Chrysophyta (Bacillariophyceae)",NA,NA,"Pennales",NA,"Fragilariaceae","Distrionella",NA,"Distrionella"
"310",NA,"Diatoms",NA,"Chrysophyta (Bacillariophyceae)",NA,NA,"Pennales",NA,"Fragilariaceae","Hannaea",NA,"Hannaea arcus"
"311",NA,"Diatoms",NA,"Chrysophyta (Bacillariophyceae)",NA,NA,"Pennales",NA,"Fragilariaceae","Opephora",NA,"Opephora"
"312",NA,"Diatoms",NA,"Chrysophyta (Bacillariophyceae)",NA,NA,"Pennales",NA,"Fragilariaceae","Tabularia",NA,"Tabularia"
"313",NA,"Diatoms",NA,"Chrysophyta (Bacillariophyceae)",NA,NA,"Pennales",NA,"Not Designated","Nupela",NA,"Nupela"
"314",NA,"Dinoflagellate",NA,"Pyrrhophyta",NA,NA,"Dinophysialis",NA,"Dinophysiaceae","Dinophysis",NA,"Dinophysis"
"315",NA,"Dinoflagellate",NA,"Pyrrhophyta",NA,NA,"Gymnodiniales",NA,"Gymnodiniaceae","Amphidinium",NA,"Amphidinium"
"316",NA,"Dinoflagellate",NA,"Pyrrhophyta",NA,NA,"Peridiniales",NA,"Glenodiniopsidaceae","Glenodiniopsis",NA,"Glenodiniopsis"
"317",NA,"Dinoflagellate",NA,"Pyrrhophyta",NA,NA,"Peridiniales",NA,"Glenodiniopsidaceae","Sphaerodinium",NA,"Sphaerodinium"
"318",NA,"Dinoflagellate",NA,"Pyrrhophyta",NA,NA,"Peridiniales",NA,"Gonyaulacaceae","Gonyaulax",NA,"Gonyaulax"
"319",NA,"Dinoflagellate",NA,"Pyrrhophyta",NA,NA,"Peridiniales",NA,"Peridiniaceae","Gloeodinium",NA,"Gloeodinium"
"320",NA,"Dinoflagellate",NA,"Pyrrhophyta",NA,NA,"Peridiniales",NA,"Peridiniaceae","Peridiniopsis",NA,"Peridiniopsis"
"321",NA,"Green Algae",NA,"Chlorophyta",NA,NA,"Chaetophorales",NA,"Chaetophoraceae","Protoderma",NA,"Protoderma"
"322",NA,"Green Algae",NA,"Chlorophyta",NA,NA,"Chaetophorales",NA,"Chaetophoraceae","Stigeoclonium",NA,"Stigeoclonium"
"323",NA,"Green Algae",NA,"Chlorophyta",NA,NA,"Chlorococcales",NA,"Chlorococcaceae","Tetraëdron",NA,"Tetraëdron; Tetraëdron caudatum; Tetraëdron minimum; Tetraëdron minutum; Tetraëdron muticum; Tetraëdron pentaedricum"
"324",NA,"Green Algae",NA,"Chlorophyta",NA,NA,"Chlorococcales",NA,"Hydrodictyaceae","Hydrodictyon",NA,"Hydrodictyon"
"325",NA,"Green Algae",NA,"Chlorophyta",NA,NA,"Chlorococcales",NA,"Micractiniaceae","Acanthosphaera",NA,"Acanthosphaera"
"326",NA,"Green Algae",NA,"Chlorophyta",NA,NA,"Chlorococcales",NA,"Micractiniaceae","Golenkinia",NA,"Golenkinia"
"327",NA,"Green Algae",NA,"Chlorophyta",NA,NA,"Chlorococcales",NA,"Micractiniaceae","Keriochlamys",NA,"Keriochlamys"
"328",NA,"Green Algae",NA,"Chlorophyta",NA,NA,"Chlorococcales",NA,"Oocystaceae","Cerasterias",NA,"Cerasterias"
"329",NA,"Green Algae",NA,"Chlorophyta",NA,NA,"Chlorococcales",NA,"Oocystaceae","Chlorokybus",NA,"Chlorokybus"
"330",NA,"Green Algae",NA,"Chlorophyta",NA,NA,"Chlorococcales",NA,"Oocystaceae","Dimorphococcus",NA,"Dimorphococcus"
"331",NA,"Green Algae",NA,"Chlorophyta",NA,NA,"Chlorococcales",NA,"Oocystaceae","Polyedriopsis",NA,"Polyedriopsis"
"332",NA,"Green Algae",NA,"Chlorophyta",NA,NA,"Chlorococcales",NA,"Oocystaceae","Trochiscia",NA,"Trochiscia"
"333",NA,"Green Algae",NA,"Chlorophyta",NA,NA,"Tetrasporales",NA,"Coccomyxaceae","Coccomyxa",NA,"Coccomyxa"
"334",NA,"Green Algae",NA,"Chlorophyta",NA,NA,"Tetrasporales",NA,"Coccomyxaceae","Dispora",NA,"Dispora"
"335",NA,"Green Algae",NA,"Chlorophyta",NA,NA,"Tetrasporales",NA,"Palmellaceae","Chlamydocapsa",NA,"Chlamydocapsa; Chlamydocapsa limnetica"
"336",NA,"Green Algae",NA,"Chlorophyta",NA,NA,"Ulotrichales",NA,"Ulotrichaceae","Gloeotila",NA,"Gloeotila"
"337",NA,"Green Algae",NA,"Chlorophyta",NA,NA,"Volvocales",NA,"Chlamydomonadaceae","Diplostauron",NA,"Diplostauron"
"338",NA,"Green Algae",NA,"Chlorophyta",NA,NA,"Volvocales",NA,"Chlamydomonadaceae","Gloeomonas",NA,"Gloeomonas"
"339",NA,"Green Algae",NA,"Chlorophyta",NA,NA,"Volvocales",NA,"Chlamydomonadaceae","Polytoma",NA,"Polytoma"
"340",NA,"Green Algae",NA,"Chlorophyta",NA,NA,"Volvocales",NA,"Chlamydomonadaceae","Scourfieldia",NA,"Scourfieldia"
"341",NA,"Green Algae",NA,"Chlorophyta",NA,NA,"Volvocales",NA,"Phacotaceae","Phacotus",NA,"Phacotus"
"342",NA,"Green Algae",NA,"Chlorophyta",NA,NA,"Volvocales",NA,"Polyblepharidaceae","Spermatozopsis",NA,"Spermatozopsis exsultans"
"343",NA,"Green Algae",NA,"Chlorophyta",NA,NA,"Volvocales",NA,"Volvocaceae","Platydorina",NA,"Platydorina"
"344",NA,"Green Algae",NA,"Chlorophyta",NA,NA,"Zygnematales",NA,"Desmidiaceae","Docidium",NA,"Docidium"
"345",NA,"Green Algae",NA,"Chlorophyta",NA,NA,"Zygnematales",NA,"Mesotaeniaceae","Mesotaenium",NA,"Mesotaenium"
"346",NA,"Green Algae",NA,"Chlorophyta",NA,NA,"Zygnematales",NA,"Mesotaeniaceae","Netrium",NA,"Netrium"
"347",NA,"Green Algae",NA,"Chlorophyta",NA,NA,"Zygnematales",NA,"Mesotaeniaceae","Roya",NA,"Roya"
"348",NA,"Red Algae",NA,"Rhodophyta",NA,NA,"Bangiales",NA,"Goniotrichaceae","Asterocystis",NA,"Asterocystis"
"349",NA,"Yello-Green Algae",NA,"Chrysophyta",NA,NA,"Chloramoebales",NA,"Chloramoebaceae","Polykyrtos",NA,"Polykyrtos"
"350",NA,"Yello-Green Algae",NA,"Chrysophyta",NA,NA,"Chloromonadales ",NA,"Vacuolariaceae ","Vacuolaria",NA,"Vacuolaria"
"351",NA,"Yello-Green Algae",NA,"Chrysophyta",NA,NA,"Chromulinales",NA,"Chrysocapsaceae","Chrysocapsa",NA,"Chrysocapsa"
"352",NA,"Yello-Green Algae",NA,"Chrysophyta",NA,NA,"Chrysamoebidales ",NA,"Chrysamoebidiaceae ","Chrysidiastrum",NA,"Chrysidiastrum"
"353",NA,"Yello-Green Algae",NA,"Chrysophyta",NA,NA,"Chrysomonadales",NA,"Ochromonadaceae","Phaeoplaca",NA,"Phaeoplaca"
"354",NA,"Yello-Green Algae",NA,"Chrysophyta",NA,NA,"Chrysomonadales",NA,"Ochromonadaceae","Stylochrysalis",NA,"Stylochrysalis"
"355",NA,"Yello-Green Algae",NA,"Chrysophyta",NA,NA,"Chrysomonadales",NA,"Synuraceae","Chrysodidymus",NA,"Chrysodidymus"
"356",NA,"Yello-Green Algae",NA,"Chrysophyta",NA,NA,"Chrysomonadales",NA,"Synuraceae","Chrysosphaerella",NA,"Chrysosphaerella"
"357",NA,"Yello-Green Algae",NA,"Chrysophyta",NA,NA,"Chrysophaerales",NA,"Chrysosphaeraceae","Chrysosphaera",NA,"Chrysosphaera"
"358",NA,"Yello-Green Algae",NA,"Chrysophyta",NA,NA,"Heterococcales",NA,"Pleurochloridaceae","Botrydiopsis",NA,"Botrydiopsis"
"359",NA,"Yello-Green Algae",NA,"Chrysophyta",NA,NA,"Mischococcales",NA,"Characiopsidaceae","Peroniella",NA,"Peroniella"
"360",NA,"Yello-Green Algae",NA,"Chrysophyta",NA,NA,"Mischococcales",NA,"Pleurochloridaceae","Pleurogaster",NA,"Pleurogaster"
"361",NA,"Yello-Green Algae",NA,"Chrysophyta",NA,NA,"Prymnesiales",NA,"Prymnesiaceae ","Chrysochromulina",NA,"Chrysochromulina"
"362",NA,"Yello-Green Algae",NA,"Chrysophyta",NA,NA,"Rhizochloridales",NA,"Stipitococcaceae","Stipitococcus",NA,"Stipitococcus"
